Tanggal,Total Penjualan (IDR),Total Pesanan,Penjualan per Pesanan,Produk Diklik,Total Pengunjung,Tingkat Konversi Pesanan,Pesanan Dibatalkan,Penjualan Dibatalkan,Pesanan Dikembalikan,Penjualan Dikembalikan,Pembeli,Total Pembeli Baru,Total Pembeli Saat Ini,Total Potensi Pembeli,Tingkat Pembelian Berulang
01-01-2024,4.524.933,34,"133.086,26",3640,2628,"0,93%",4,662.727,0,0.0,32,29,3,295,"6,25%"
02-01-2024,2.031.584,16,"126.974,00",2910,2297,"0,55%",2,267.610,0,0.0,16,15,1,272,"0,00%"
03-01-2024,2.184.868,15,"145.657,87",2973,3065,"0,50%",1,100.990,0,0.0,15,14,1,272,"0,00%"
04-01-2024,4.916.046,11,"446.913,27",2910,2392,"0,38%",1,1.851.000,0,0.0,10,6,4,330,"10,00%"
05-01-2024,2.083.797,17,"122.576,29",2690,2175,"0,63%",0,0,0,0.0,17,16,1,341,"0,00%"
06-01-2024,3.161.322,23,"137.448,78",2663,2226,"0,86%",1,125.306,0,0.0,22,22,0,298,"4,55%"
07-01-2024,2.030.154,15,"135.343,60",3048,2612,"0,49%",1,140.000,0,0.0,15,14,1,378,"0,00%"
08-01-2024,2.157.058,17,"126.885,76",2740,2224,"0,62%",0,0,0,0.0,17,15,2,306,"0,00%"
09-01-2024,1.555.920,12,"129.660,00",2380,1984,"0,50%",1,124.282,0,0.0,12,12,0,249,"0,00%"
10-01-2024,3.412.016,24,"142.167,33",2282,1968,"1,05%",2,260.777,0,0.0,24,23,1,234,"0,00%"
11-01-2024,2.624.119,18,"145.784,39",2586,2360,"0,70%",1,102.505,0,0.0,17,14,3,243,"5,88%"
12-01-2024,2.592.270,19,"136.435,26",2502,2225,"0,76%",1,81.250,0,0.0,19,18,1,262,"0,00%"
13-01-2024,3.054.562,21,"145.455,33",2877,2548,"0,73%",2,321.160,0,0.0,20,18,2,291,"5,00%"
14-01-2024,1.767.998,13,"135.999,85",3180,2833,"0,41%",0,0,0,0.0,13,11,2,314,"0,00%"
15-01-2024,1.761.368,14,"125.812,00",2617,2416,"0,53%",0,0,0,0.0,14,14,0,323,"0,00%"
16-01-2024,1.771.247,12,"147.603,92",2432,2243,"0,49%",0,0,0,0.0,12,11,1,266,"0,00%"
17-01-2024,1.985.937,15,"132.395,80",2284,2152,"0,66%",0,0,0,0.0,15,13,2,274,"0,00%"
18-01-2024,2.906.000,21,"138.380,95",2371,2270,"0,89%",1,135.000,0,0.0,20,20,0,246,"5,00%"
19-01-2024,883.472,7,"126.210,29",2410,2195,"0,29%",0,0,0,0.0,7,7,0,257,"0,00%"
20-01-2024,975.371,7,"139.338,71",2261,2186,"0,31%",0,0,0,0.0,7,7,0,233,"0,00%"
21-01-2024,910.787,6,"151.797,83",2335,2200,"0,26%",1,152.000,0,0.0,6,6,0,245,"0,00%"
22-01-2024,1.912.640,15,"127.509,33",2134,1851,"0,70%",0,0,0,0.0,15,12,3,212,"0,00%"
23-01-2024,1.395.292,11,"126.844,73",1926,1678,"0,57%",1,127.000,0,0.0,11,10,1,208,"0,00%"
24-01-2024,1.679.251,14,"119.946,50",2070,1794,"0,68%",0,0,0,0.0,14,12,2,231,"0,00%"
25-01-2024,1.644.123,13,"126.471,00",2101,1896,"0,62%",1,170.000,0,0.0,13,12,1,209,"0,00%"
26-01-2024,1.270.150,10,"127.015,00",2128,1887,"0,47%",0,0,0,0.0,10,9,1,234,"0,00%"
27-01-2024,1.819.272,13,"139.944,00",2135,1942,"0,61%",1,111.420,0,0.0,13,10,3,231,"0,00%"
28-01-2024,1.685.439,14,"120.388,50",2569,2248,"0,54%",1,100.219,0,0.0,14,13,1,250,"0,00%"
29-01-2024,2.023.924,14,"144.566,00",2373,2021,"0,59%",0,0,0,0.0,14,13,1,221,"0,00%"
30-01-2024,865.949,7,"123.707,00",2170,2032,"0,32%",0,0,0,0.0,7,7,0,224,"0,00%"
31-01-2024,2.185.165,17,"128.539,12",2249,1888,"0,76%",0,0,0,0.0,17,17,0,179,"0,00%"
01-02-2024,2.216.848,18,"123.158,22",2397,1994,"0,75%",1,136.890,0,0.0,18,17,1,201,"0,00%"
02-02-2024,4.336.263,32,"135.508,22",3017,2477,"1,06%",1,132.300,0,0.0,31,28,3,271,"3,23%"
03-02-2024,2.657.462,19,"139.866,42",2554,2172,"0,74%",0,0,0,0.0,19,18,1,260,"0,00%"
04-02-2024,3.037.078,20,"151.853,90",2984,2737,"0,67%",2,341.088,0,0.0,19,17,2,346,"5,26%"
05-02-2024,2.062.185,13,"158.629,62",2393,2359,"0,54%",1,104.125,0,0.0,13,11,2,308,"0,00%"
06-02-2024,1.256.826,10,"125.682,60",2436,2074,"0,41%",0,0,0,0.0,10,10,0,241,"0,00%"
07-02-2024,2.785.628,16,"174.101,75",2028,1845,"0,79%",3,505.515,0,0.0,13,11,2,213,"7,69%"
08-02-2024,2.424.100,16,"151.506,25",2293,2037,"0,70%",1,143.915,0,0.0,16,14,2,247,"0,00%"
09-02-2024,1.483.514,11,"134.864,91",2053,2002,"0,54%",0,0,0,0.0,11,11,0,222,"0,00%"
10-02-2024,1.657.409,12,"138.117,42",2067,1840,"0,58%",0,0,0,0.0,12,11,1,257,"0,00%"
11-02-2024,1.420.438,11,"129.130,73",2430,2224,"0,45%",1,140.000,0,0.0,11,9,2,279,"0,00%"
12-02-2024,3.153.762,24,"131.406,75",2247,1923,"1,07%",1,126.500,0,0.0,24,22,2,204,"0,00%"
13-02-2024,1.240.403,8,"155.050,38",2209,2016,"0,36%",0,0,0,0.0,8,8,0,249,"0,00%"
14-02-2024,1.921.628,14,"137.259,14",2116,2013,"0,66%",2,251.708,0,0.0,13,13,0,264,"7,69%"
15-02-2024,1.973.029,16,"123.314,31",2219,2291,"0,72%",0,0,0,0.0,16,16,0,245,"0,00%"
16-02-2024,930.315,7,"132.902,14",2590,2588,"0,27%",0,0,0,0.0,7,7,0,287,"0,00%"
17-02-2024,2.536.003,16,"158.500,19",2845,3035,"0,56%",1,127.336,0,0.0,16,15,1,364,"0,00%"
18-02-2024,3.500.546,21,"166.692,67",3585,5402,"0,59%",0,0,0,0.0,21,20,1,1103,"0,00%"
19-02-2024,1.954.016,14,"139.572,57",3439,5810,"0,41%",0,0,0,0.0,14,10,4,1249,"0,00%"
20-02-2024,3.197.204,21,"152.247,81",2794,2891,"0,75%",0,0,0,0.0,21,20,1,339,"0,00%"
21-02-2024,2.645.595,18,"146.977,50",2866,2972,"0,63%",1,139.667,0,0.0,18,17,1,320,"0,00%"
22-02-2024,1.558.854,12,"129.904,50",2712,2571,"0,44%",1,151.124,0,0.0,11,11,0,315,"9,09%"
23-02-2024,2.235.778,17,"131.516,35",2520,2777,"0,67%",0,0,0,0.0,17,16,1,333,"0,00%"
24-02-2024,3.607.987,20,"180.399,35",2775,3560,"0,72%",1,96.614,0,0.0,20,19,1,353,"0,00%"
25-02-2024,3.221.522,22,"146.432,82",3547,4680,"0,62%",1,130.000,0,0.0,21,21,0,422,"4,76%"
26-02-2024,3.281.697,25,"131.267,88",3193,3480,"0,78%",2,256.439,0,0.0,24,22,2,315,"4,17%"
27-02-2024,2.583.937,17,"151.996,29",2923,3501,"0,58%",0,0,0,0.0,17,17,0,493,"0,00%"
28-02-2024,2.678.946,18,"148.830,33",2748,3182,"0,66%",0,0,0,0.0,18,18,0,274,"0,00%"
29-02-2024,2.736.453,20,"136.822,65",2798,3344,"0,71%",0,0,0,0.0,20,20,0,349,"0,00%"
01-03-2024,2.994.365,19,"157.598,16",2762,3648,"0,69%",2,399.475,0,0.0,18,17,1,322,"5,56%"
02-03-2024,2.555.153,17,"150.303,12",3426,3821,"0,50%",1,139.132,0,0.0,17,17,0,330,"0,00%"
03-03-2024,5.465.924,45,"121.464,98",4997,6252,"0,90%",1,121.190,0,0.0,44,40,4,534,"2,27%"
04-03-2024,3.755.208,27,"139.081,78",3658,3732,"0,74%",1,95.940,0,0.0,27,25,2,380,"0,00%"
05-03-2024,2.250.347,17,"132.373,35",3158,3339,"0,54%",3,388.133,0,0.0,17,16,1,277,"0,00%"
06-03-2024,1.940.238,15,"129.349,20",2889,3373,"0,52%",0,0,0,0.0,15,11,4,273,"0,00%"
07-03-2024,2.362.193,15,"157.479,53",2725,3081,"0,55%",3,563.207,0,0.0,15,14,1,229,"0,00%"
08-03-2024,3.047.562,19,"160.398,00",2620,3104,"0,73%",2,336.690,0,0.0,17,17,0,330,"11,76%"
09-03-2024,2.032.264,7,"290.323,43",3044,3374,"0,23%",1,387.322,0,0.0,6,6,0,289,"16,67%"
10-03-2024,3.151.946,23,"137.041,13",3388,4491,"0,68%",0,0,0,0.0,23,22,1,309,"0,00%"
11-03-2024,2.073.540,12,"172.795,00",4142,4242,"0,29%",1,242.390,0,0.0,12,10,2,400,"0,00%"
12-03-2024,6.018.537,31,"194.146,35",5681,7323,"0,55%",6,1.516.323,0,0.0,29,29,0,1129,"3,45%"
13-03-2024,2.127.534,14,"151.966,71",4861,6153,"0,29%",2,343.339,0,0.0,13,10,3,736,"7,69%"
14-03-2024,4.871.775,29,"167.992,24",5787,7760,"0,50%",1,156.235,0,0.0,29,25,4,1103,"0,00%"
15-03-2024,5.968.199,30,"198.939,97",5908,8372,"0,51%",0,0,0,0.0,30,29,1,1061,"0,00%"
16-03-2024,4.296.540,26,"165.251,54",7746,10602,"0,34%",2,326.293,0,0.0,26,24,2,754,"0,00%"
17-03-2024,6.830.577,40,"170.764,42",10475,12101,"0,38%",3,505.980,0,0.0,38,35,3,1026,"5,26%"
18-03-2024,10.265.101,54,"190.094,46",9004,10200,"0,60%",4,600.873,1,188.966,53,52,1,681,"1,89%"
19-03-2024,16.446.390,81,"203.041,85",7737,8650,"1,05%",5,1.073.804,0,0.0,79,72,7,552,"2,53%"
20-03-2024,10.190.017,58,"175.689,95",9839,10663,"0,59%",1,86.150,0,0.0,57,54,3,726,"1,75%"
21-03-2024,12.842.803,72,"178.372,26",10908,13424,"0,66%",1,181.891,0,0.0,72,70,2,953,"0,00%"
22-03-2024,5.966.961,37,"161.269,22",8520,10900,"0,43%",0,0,1,51.0,37,36,1,716,"0,00%"
23-03-2024,6.316.193,37,"170.707,92",9276,11555,"0,40%",2,366.226,0,0.0,36,33,3,735,"2,78%"
24-03-2024,7.007.278,39,"179.673,79",9431,11451,"0,41%",2,229.270,0,0.0,38,37,1,602,"2,63%"
25-03-2024,10.409.141,61,"170.641,66",9577,11314,"0,64%",1,140.000,0,0.0,61,59,2,517,"0,00%"
26-03-2024,13.442.709,70,"192.038,70",10322,10034,"0,68%",4,665.712,0,0.0,69,67,2,700,"1,45%"
27-03-2024,10.101.278,58,"174.159,97",10831,10667,"0,54%",4,518.141,0,0.0,57,54,3,681,"1,75%"
28-03-2024,11.134.605,70,"159.065,79",9007,9876,"0,78%",4,756.192,1,207.48,69,65,4,582,"1,45%"
29-03-2024,6.163.183,38,"162.189,03",9415,10728,"0,40%",2,304.636,0,0.0,38,34,4,558,"0,00%"
30-03-2024,9.272.929,60,"154.548,82",10511,10832,"0,57%",12,1.967.946,0,0.0,55,55,0,610,"9,09%"
31-03-2024,5.412.090,37,"146.272,70",10160,9998,"0,36%",1,142.165,0,0.0,37,36,1,556,"0,00%"
01-04-2024,18.474.884,107,"172.662,47",14760,10844,"0,72%",8,1.234.467,0,0.0,107,100,7,733,"0,00%"
02-04-2024,12.312.053,72,"171.000,74",10521,8137,"0,68%",2,368.710,1,171.15,71,64,7,499,"1,41%"
03-04-2024,5.931.348,37,"160.306,70",10616,8689,"0,35%",2,268.287,1,145.56,37,35,2,598,"0,00%"
04-04-2024,15.743.152,94,"167.480,34",6494,5793,"1,45%",12,1.941.654,3,636.74,87,81,6,337,"8,05%"
05-04-2024,7.735.417,43,"179.893,42",4872,3839,"0,88%",0,0,1,249.456,43,41,2,331,"0,00%"
06-04-2024,10.034.447,57,"176.042,93",7309,5775,"0,78%",8,1.349.791,1,171.842,54,53,1,563,"5,56%"
07-04-2024,10.904.636,59,"184.824,34",10327,8120,"0,57%",9,1.593.365,0,0.0,58,53,5,673,"1,72%"
08-04-2024,9.644.201,53,"181.966,06",6700,5148,"0,79%",5,819.658,0,0.0,49,48,1,411,"8,16%"
09-04-2024,5.882.802,36,"163.411,17",7161,5978,"0,50%",2,341.000,0,0.0,35,32,3,453,"2,86%"
10-04-2024,1.234.127,7,"176.303,86",4496,4275,"0,16%",2,381.000,1,191.05,7,7,0,302,"0,00%"
11-04-2024,2.877.433,16,"179.839,56",5603,5230,"0,29%",1,133.050,0,0.0,16,14,2,360,"0,00%"
12-04-2024,2.740.663,19,"144.245,42",5298,5122,"0,36%",1,228.050,0,0.0,18,18,0,343,"5,56%"
13-04-2024,1.900.599,13,"146.199,92",4727,4668,"0,28%",1,120.938,0,0.0,13,12,1,364,"0,00%"
14-04-2024,3.140.812,21,"149.562,48",5123,5660,"0,41%",0,0,0,0.0,21,21,0,514,"0,00%"
15-04-2024,2.955.957,19,"155.576,68",4719,5223,"0,40%",2,269.780,0,0.0,19,19,0,380,"0,00%"
16-04-2024,4.881.353,25,"195.254,12",4673,4604,"0,53%",0,0,0,0.0,25,25,0,327,"0,00%"
17-04-2024,2.844.014,19,"149.684,95",6902,6210,"0,28%",1,185.000,0,0.0,19,18,1,462,"0,00%"
18-04-2024,3.466.491,25,"138.659,64",4519,4584,"0,55%",1,122.941,0,0.0,25,24,1,363,"0,00%"
19-04-2024,10.774.370,59,"182.616,44",9901,7581,"0,60%",6,1.255.722,1,201.0,57,53,4,920,"3,51%"
20-04-2024,5.305.333,32,"165.791,66",6986,6462,"0,46%",2,371.590,1,201.99,30,27,3,661,"6,67%"
21-04-2024,8.249.352,47,"175.518,13",8277,7459,"0,57%",0,0,0,0.0,47,44,3,765,"0,00%"
22-04-2024,7.720.250,43,"179.540,70",6361,6088,"0,68%",1,130.000,0,0.0,43,40,3,560,"0,00%"
23-04-2024,9.164.201,53,"172.909,45",7203,6678,"0,74%",2,267.220,0,0.0,53,46,7,647,"0,00%"
24-04-2024,10.234.526,57,"179.553,09",9637,10310,"0,59%",3,579.025,0,157.825,54,50,4,1370,"5,56%"
25-04-2024,11.238.070,70,"160.543,86",7312,7527,"0,96%",7,1.173.815,2,272.578,66,61,5,772,"6,06%"
26-04-2024,8.882.140,55,"161.493,45",9494,8383,"0,58%",3,490.739,1,167.4,54,49,5,844,"1,85%"
27-04-2024,9.395.344,51,"184.222,43",12320,11380,"0,41%",3,531.705,0,0.0,49,46,3,876,"4,08%"
28-04-2024,7.762.175,47,"165.152,66",9169,9106,"0,51%",5,863.943,0,0.0,46,45,1,710,"2,17%"
29-04-2024,7.689.304,46,"167.158,78",8781,8681,"0,52%",1,179.650,0,0.0,45,38,7,614,"2,22%"
30-04-2024,6.407.990,40,"160.199,75",10318,9868,"0,39%",2,252.555,0,0.0,38,34,4,669,"5,26%"
01-05-2024,7.352.554,46,"159.838,13",11171,11899,"0,41%",1,161.550,0,0.0,46,39,7,957,"0,00%"
02-05-2024,7.526.784,47,"160.144,34",9129,9671,"0,51%",3,511.640,0,0.0,44,39,5,799,"6,82%"
03-05-2024,3.736.688,23,"162.464,70",7580,7616,"0,30%",0,0,0,0.0,23,20,3,562,"0,00%"
04-05-2024,5.760.739,35,"164.592,54",9619,9974,"0,36%",2,297.107,1,137.544,33,33,0,727,"6,06%"
05-05-2024,11.976.256,73,"164.058,30",14104,18439,"0,52%",3,1.182.081,0,0.0,72,65,7,895,"1,39%"
06-05-2024,6.735.105,44,"153.070,57",10610,11579,"0,41%",0,0,1,197.565,42,38,4,798,"4,76%"
07-05-2024,7.934.150,49,"161.921,43",9928,11464,"0,49%",4,613.658,0,0.0,47,45,2,782,"4,26%"
08-05-2024,8.894.636,49,"181.523,18",8807,9839,"0,56%",0,0,0,0.0,48,44,4,835,"2,08%"
09-05-2024,7.975.217,50,"159.504,34",8856,11266,"0,56%",4,822.826,0,0.0,49,44,5,1008,"2,04%"
10-05-2024,4.018.515,24,"167.438,12",8233,11159,"0,29%",0,0,0,0.0,24,21,3,588,"0,00%"
11-05-2024,5.019.573,28,"179.270,46",7993,12631,"0,35%",2,392.971,0,0.0,26,22,4,581,"7,69%"
12-05-2024,5.328.785,33,"161.478,33",6040,11982,"0,55%",1,281.780,0,0.0,32,27,5,454,"3,12%"
13-05-2024,2.768.963,16,"173.060,19",6076,10637,"0,26%",0,0,0,0.0,16,13,3,501,"0,00%"
14-05-2024,5.325.050,29,"183.622,41",6760,10706,"0,43%",1,169.556,0,0.0,27,21,6,561,"7,41%"
15-05-2024,9.293.845,48,"193.621,77",7778,11024,"0,62%",5,843.242,2,275.033,45,38,7,655,"6,67%"
16-05-2024,10.411.816,59,"176.471,46",8552,11518,"0,69%",0,0,0,0.0,58,52,6,730,"1,72%"
17-05-2024,8.099.086,43,"188.350,84",8396,11138,"0,51%",2,270.043,0,0.0,42,39,3,923,"2,38%"
18-05-2024,7.503.717,40,"187.592,92",9214,11831,"0,43%",3,623.536,0,0.0,38,37,1,882,"5,26%"
19-05-2024,6.513.521,33,"197.379,42",8246,12004,"0,40%",0,0,0,0.0,33,33,0,649,"0,00%"
20-05-2024,6.534.330,39,"167.546,92",5916,8680,"0,66%",1,197.965,0,0.0,39,37,2,493,"0,00%"
21-05-2024,6.619.772,37,"178.912,76",10058,11714,"0,37%",1,228.050,0,0.0,36,33,3,729,"2,78%"
22-05-2024,8.448.646,47,"179.758,43",9479,11949,"0,50%",0,0,0,0.0,47,37,10,794,"0,00%"
23-05-2024,8.886.166,47,"189.067,36",10744,14541,"0,44%",3,528.715,0,0.0,45,38,7,859,"4,44%"
24-05-2024,8.459.028,44,"192.250,64",8842,12664,"0,50%",3,468.156,0,0.0,42,31,11,435,"4,76%"
25-05-2024,11.031.058,60,"183.850,97",8766,14680,"0,68%",1,178.635,0,0.0,58,47,11,636,"3,45%"
26-05-2024,8.830.008,49,"180.204,24",7377,13394,"0,66%",2,362.200,0,0.0,47,37,10,584,"4,26%"
27-05-2024,8.048.469,43,"187.173,70",7678,11973,"0,56%",0,0,0,0.0,43,35,8,575,"0,00%"
28-05-2024,10.697.661,56,"191.029,66",9047,12556,"0,62%",3,582.669,0,0.0,55,52,3,612,"1,82%"
29-05-2024,10.383.813,58,"179.031,26",8600,12286,"0,67%",4,740.090,1,219.108,56,53,3,564,"3,57%"
30-05-2024,10.586.135,58,"182.519,57",7968,11192,"0,73%",4,685.023,1,130.533,53,47,6,482,"9,43%"
31-05-2024,7.054.603,37,"190.664,95",7803,11717,"0,47%",1,171.842,0,0.0,37,32,5,520,"0,00%"
01-06-2024,9.603.525,44,"218.261,93",7126,15139,"0,62%",1,199.550,0,0.0,44,38,6,432,"0,00%"
02-06-2024,5.412.510,31,"174.597,10",8408,12175,"0,37%",1,171.000,0,0.0,31,28,3,291,"0,00%"
03-06-2024,6.089.057,35,"173.973,06",7269,7584,"0,48%",0,0,0,0.0,35,33,2,446,"0,00%"
04-06-2024,11.218.798,65,"172.596,89",5375,6010,"1,21%",2,332.440,0,0.0,63,54,9,374,"3,17%"
05-06-2024,11.787.261,67,"175.929,27",5708,6608,"1,17%",6,1.180.800,0,0.0,64,55,9,488,"4,69%"
06-06-2024,15.942.983,92,"173.293,29",6521,10420,"1,41%",9,1.516.834,1,157.484,82,67,15,479,"7,32%"
07-06-2024,9.256.930,51,"181.508,43",5694,6851,"0,90%",6,1.225.753,0,0.0,47,38,9,478,"8,51%"
08-06-2024,7.811.990,43,"181.674,19",5439,6625,"0,79%",0,0,0,0.0,43,33,10,447,"0,00%"
09-06-2024,4.983.845,30,"166.128,17",6778,8625,"0,44%",0,0,0,0.0,30,29,1,507,"0,00%"
10-06-2024,6.507.158,37,"175.869,14",6178,7585,"0,60%",2,312.258,0,0.0,35,29,6,263,"5,71%"
11-06-2024,6.910.797,39,"177.199,92",4925,5873,"0,79%",4,586.801,0,0.0,39,31,8,360,"0,00%"
12-06-2024,6.441.843,39,"165.175,46",5619,6520,"0,69%",2,219.090,0,0.0,38,27,11,333,"2,63%"
13-06-2024,5.642.543,32,"176.329,47",5409,6433,"0,59%",0,0,0,0.0,32,29,3,402,"0,00%"
14-06-2024,5.715.072,33,"173.184,00",5187,6224,"0,64%",1,195.650,0,0.0,32,30,2,397,"3,12%"
15-06-2024,8.015.695,44,"182.174,89",5530,6297,"0,80%",6,1.002.182,0,0.0,44,35,9,557,"0,00%"
16-06-2024,8.836.549,48,"184.094,77",6086,7130,"0,79%",5,870.137,0,0.0,48,41,7,603,"0,00%"
17-06-2024,3.343.660,20,"167.183,00",5142,7288,"0,39%",6,974.854,0,0.0,19,19,0,452,"5,26%"
18-06-2024,8.206.163,46,"178.394,85",6372,6886,"0,72%",0,0,0,0.0,46,35,11,596,"0,00%"
19-06-2024,8.857.299,47,"188.453,17",5940,6719,"0,79%",2,324.291,1,145.65,47,41,6,488,"0,00%"
20-06-2024,10.081.455,55,"183.299,18",5990,6529,"0,92%",5,872.650,0,0.0,53,49,4,583,"3,77%"
21-06-2024,11.200.458,60,"186.674,30",5953,6699,"1,01%",4,664.088,0,0.0,59,56,3,624,"1,69%"
22-06-2024,4.876.075,26,"187.541,35",6697,7403,"0,39%",1,239.360,0,0.0,26,22,4,593,"0,00%"
23-06-2024,7.115.944,40,"177.898,60",7465,8423,"0,54%",1,71.370,0,0.0,40,38,2,693,"0,00%"
24-06-2024,7.716.021,44,"175.364,11",7282,7975,"0,60%",2,325.840,0,0.0,43,43,0,798,"2,33%"
25-06-2024,10.683.367,58,"184.195,98",7977,10452,"0,73%",2,377.210,0,0.0,58,53,5,652,"0,00%"
26-06-2024,8.123.373,46,"176.595,07",6594,8005,"0,70%",1,178.650,0,0.0,46,39,7,455,"0,00%"
27-06-2024,8.824.930,46,"191.846,30",5356,6362,"0,86%",2,350.492,0,0.0,45,36,9,472,"2,22%"
28-06-2024,7.488.086,41,"182.636,24",5261,6412,"0,78%",5,955.905,0,0.0,40,34,6,622,"2,50%"
29-06-2024,9.130.645,48,"190.221,77",5184,5726,"0,93%",1,156.000,0,0.0,48,41,7,480,"0,00%"
30-06-2024,8.962.170,49,"182.901,43",6600,7100,"0,74%",2,403.140,0,0.0,49,44,5,673,"0,00%"
01-07-2024,8.328.680,46,"181.058,26",6017,7427,"0,76%",2,384.020,0,0.0,46,37,9,411,"0,00%"
02-07-2024,6.287.019,37,"169.919,43",5861,6893,"0,63%",3,485.230,0,0.0,35,26,9,438,"5,71%"
03-07-2024,10.348.441,56,"184.793,59",5664,6961,"0,99%",4,839.605,0,0.0,56,49,7,449,"0,00%"
04-07-2024,7.790.232,44,"177.050,73",5854,8145,"0,75%",4,744.600,0,0.0,42,34,8,485,"4,76%"
05-07-2024,6.466.129,36,"179.614,69",5840,8172,"0,62%",2,345.650,1,110.65,35,32,3,603,"2,86%"
06-07-2024,7.772.800,44,"176.654,55",6767,8097,"0,65%",5,890.188,0,0.0,43,33,10,676,"2,33%"
07-07-2024,12.409.551,77,"161.163,00",9069,13099,"0,85%",7,1.187.864,1,190.574,75,73,2,728,"2,67%"
08-07-2024,6.606.008,41,"161.122,15",6214,7332,"0,66%",0,0,1,161.2,41,36,5,471,"0,00%"
09-07-2024,4.227.035,27,"156.556,85",5755,7443,"0,47%",3,443.344,0,0.0,26,21,5,470,"3,85%"
10-07-2024,11.200.008,61,"183.606,69",6877,7922,"0,89%",3,369.256,0,0.0,57,44,13,630,"7,02%"
11-07-2024,6.519.554,38,"171.567,21",6234,7438,"0,61%",1,171.901,1,134.371,38,31,7,674,"0,00%"
12-07-2024,8.284.790,48,"172.599,79",8155,8077,"0,59%",3,378.708,0,0.0,47,41,6,835,"2,13%"
13-07-2024,5.466.948,32,"170.842,12",7043,8228,"0,45%",3,460.431,0,0.0,29,28,1,712,"6,90%"
14-07-2024,8.553.181,47,"181.982,57",9997,10280,"0,47%",3,491.386,0,0.0,46,45,1,933,"2,17%"
15-07-2024,9.606.325,55,"174.660,45",8902,9072,"0,62%",2,280.003,0,0.0,54,44,10,836,"1,85%"
16-07-2024,7.224.705,44,"164.197,84",8139,8896,"0,54%",2,275.527,0,0.0,43,41,2,837,"2,33%"
17-07-2024,12.092.580,58,"208.492,76",9211,9403,"0,63%",1,138.220,0,0.0,57,54,3,1043,"1,75%"
18-07-2024,9.437.492,48,"196.614,42",9340,9931,"0,51%",0,0,0,0.0,47,46,1,920,"2,13%"
19-07-2024,9.540.705,41,"232.700,12",6691,7976,"0,61%",1,200.550,0,0.0,40,37,3,656,"2,50%"
20-07-2024,4.767.105,26,"183.350,19",7629,8442,"0,34%",1,201.990,0,0.0,26,24,2,688,"0,00%"
21-07-2024,4.855.889,26,"186.764,96",7125,9113,"0,36%",2,322.438,0,0.0,26,26,0,537,"0,00%"
22-07-2024,4.593.396,26,"176.669,08",7192,8756,"0,36%",0,0,0,0.0,26,24,2,552,"0,00%"
23-07-2024,5.971.328,34,"175.627,29",6782,8424,"0,50%",1,134.050,0,0.0,34,31,3,530,"0,00%"
24-07-2024,8.018.835,46,"174.322,50",6538,8433,"0,70%",1,200.000,0,0.0,45,34,11,618,"2,22%"
25-07-2024,6.794.939,42,"161.784,26",7123,10439,"0,59%",3,569.882,0,0.0,42,40,2,675,"0,00%"
26-07-2024,8.261.201,48,"172.108,35",6512,7875,"0,74%",3,583.000,1,190.1,47,44,3,1066,"2,13%"
27-07-2024,5.671.555,31,"182.953,39",6949,8743,"0,45%",1,154.621,0,0.0,30,29,1,1368,"3,33%"
28-07-2024,9.006.834,53,"169.940,26",8527,10081,"0,62%",2,383.090,0,0.0,53,53,0,1576,"0,00%"
29-07-2024,10.722.563,59,"181.738,36",8378,9353,"0,70%",3,464.924,0,0.0,58,55,3,1476,"1,72%"
30-07-2024,10.513.825,58,"181.272,84",7889,9015,"0,74%",4,915.434,0,0.0,56,51,5,1406,"3,57%"
31-07-2024,10.052.626,56,"179.511,18",8534,9518,"0,66%",3,485.030,0,0.0,54,53,1,1519,"3,70%"
01-08-2024,10.308.767,56,"184.085,12",9780,10468,"0,57%",2,419.100,0,0.0,54,53,1,1661,"3,70%"
02-08-2024,8.571.571,49,"174.930,02",10747,11165,"0,46%",1,227.664,0,0.0,48,43,5,1828,"2,08%"
03-08-2024,9.501.430,57,"166.691,75",11141,11906,"0,51%",2,272.933,1,138.582,55,54,1,1612,"1,82%"
04-08-2024,11.593.441,68,"170.491,78",12894,12981,"0,53%",4,612.013,1,226.712,67,66,1,2172,"1,49%"
05-08-2024,12.972.743,72,"180.176,99",12243,12076,"0,59%",5,886.611,0,0.0,71,67,4,1847,"1,41%"
06-08-2024,10.702.963,65,"164.660,97",10505,11213,"0,62%",8,1.498.603,0,0.0,62,58,4,1408,"4,84%"
07-08-2024,12.180.435,67,"181.797,54",12477,13681,"0,54%",5,893.301,0,0.0,67,57,10,1840,"0,00%"
08-08-2024,18.842.512,112,"168.236,71",16129,21145,"0,69%",10,1.579.158,1,170.0,104,97,7,2682,"5,77%"
09-08-2024,7.372.809,45,"163.840,20",9330,11827,"0,48%",2,383.882,0,0.0,44,43,1,1629,"2,27%"
10-08-2024,8.458.795,54,"156.644,35",9496,10270,"0,57%",5,860.133,0,0.0,51,46,5,1637,"3,92%"
11-08-2024,13.437.124,78,"172.270,82",11450,12343,"0,68%",1,101.000,0,0.0,77,75,2,1994,"1,30%"
12-08-2024,10.539.951,66,"159.696,23",12003,12492,"0,55%",2,335.562,0,0.0,65,62,3,1709,"1,54%"
13-08-2024,8.369.827,57,"146.839,07",10597,11838,"0,54%",3,397.156,0,0.0,56,55,1,1557,"1,79%"
14-08-2024,11.027.627,68,"162.170,99",9845,10557,"0,69%",2,326.750,0,0.0,68,63,5,1392,"0,00%"
15-08-2024,9.570.806,60,"159.513,43",9824,10191,"0,61%",3,396.543,0,0.0,56,53,3,1354,"7,14%"
16-08-2024,7.613.298,50,"152.265,96",8916,9445,"0,56%",2,284.100,0,0.0,50,50,0,1246,"0,00%"
17-08-2024,9.861.640,59,"167.146,44",10403,12672,"0,57%",2,390.005,0,0.0,59,58,1,1599,"0,00%"
18-08-2024,10.730.756,62,"173.076,71",11364,12634,"0,55%",4,646.455,1,126.442,59,54,5,1759,"5,08%"
19-08-2024,11.309.743,67,"168.802,13",10644,11180,"0,63%",2,333.704,0,0.0,67,60,7,1616,"0,00%"
20-08-2024,11.082.596,67,"165.411,88",11331,11900,"0,59%",5,733.989,2,293.978,64,61,3,1724,"3,12%"
21-08-2024,9.692.907,59,"164.286,56",10635,11396,"0,55%",2,258.540,0,0.0,58,58,0,1690,"1,72%"
22-08-2024,11.635.455,70,"166.220,79",10923,11660,"0,64%",2,370.300,0,0.0,69,62,7,1828,"1,45%"
23-08-2024,10.297.877,59,"174.540,29",11333,12808,"0,52%",2,249.640,0,0.0,57,56,1,1764,"1,75%"
24-08-2024,10.847.118,62,"174.953,52",11574,12889,"0,54%",3,494.059,0,0.0,61,57,4,1740,"1,64%"
25-08-2024,13.790.697,88,"156.712,47",13848,16103,"0,64%",4,649.530,0,0.0,87,83,4,1955,"1,15%"
26-08-2024,9.705.315,60,"161.755,25",11509,12815,"0,52%",1,127.100,0,0.0,59,56,3,1703,"1,69%"
27-08-2024,9.154.939,55,"166.453,44",10570,11854,"0,52%",2,336.081,0,0.0,55,52,3,1590,"0,00%"
28-08-2024,10.918.890,62,"176.111,13",10378,11273,"0,60%",4,529.768,1,181.1,59,55,4,1569,"3,39%"
29-08-2024,10.625.800,66,"160.996,97",10912,12009,"0,60%",3,459.431,0,0.0,66,59,7,1680,"0,00%"
30-08-2024,11.633.697,67,"173.637,27",9423,11137,"0,71%",4,702.420,0,0.0,64,59,5,1485,"4,69%"
31-08-2024,12.408.599,75,"165.447,99",9988,11258,"0,75%",1,197.970,1,181.1,75,69,6,1491,"0,00%"
01-09-2024,9.343.968,58,"161.102,90",9715,12642,"0,60%",3,491.300,0,0.0,57,56,1,1459,"1,75%"
02-09-2024,11.040.781,70,"157.725,44",9343,11117,"0,75%",4,596.534,0,0.0,70,64,6,1363,"0,00%"
03-09-2024,14.423.332,82,"175.894,29",9835,11412,"0,83%",13,2.140.702,0,0.0,76,67,9,1373,"7,89%"
04-09-2024,9.343.269,53,"176.288,09",8851,10261,"0,60%",5,862.150,0,0.0,50,46,4,1223,"6,00%"
05-09-2024,9.828.975,56,"175.517,41",9627,11241,"0,58%",1,181.891,0,0.0,56,49,7,1466,"0,00%"
06-09-2024,8.986.002,48,"187.208,38",9219,11448,"0,52%",3,619.842,0,0.0,47,43,4,1463,"2,13%"
07-09-2024,12.913.517,67,"192.739,06",9785,11099,"0,68%",2,770.130,0,0.0,65,59,6,1578,"3,08%"
08-09-2024,10.151.647,58,"175.028,40",11617,13971,"0,50%",1,133.100,1,123.44,57,55,2,1741,"1,75%"
09-09-2024,17.850.373,116,"153.882,53",14875,23768,"0,78%",8,1.132.390,0,0.0,105,92,13,1987,"5,71%"
10-09-2024,10.659.032,64,"166.547,38",9691,16852,"0,66%",6,867.333,0,0.0,62,57,5,1408,"3,23%"
11-09-2024,8.864.672,49,"180.911,67",8208,10270,"0,60%",8,1.113.458,0,0.0,46,45,1,1213,"4,35%"
12-09-2024,9.331.488,57,"163.710,32",8157,9798,"0,70%",2,387.586,1,112.4,57,53,4,1274,"0,00%"
13-09-2024,6.214.391,36,"172.621,97",7726,9918,"0,47%",0,0,1,100.138,35,34,1,1204,"2,86%"
14-09-2024,8.047.448,48,"167.655,17",8885,9568,"0,54%",2,281.599,0,0.0,47,45,2,1415,"2,13%"
15-09-2024,8.427.267,46,"183.201,46",10730,11936,"0,43%",1,190.050,1,350.6,46,44,2,1774,"0,00%"
16-09-2024,11.540.032,63,"183.175,11",11704,13598,"0,54%",3,556.863,0,0.0,62,60,2,1791,"1,61%"
17-09-2024,11.744.830,62,"189.432,74",9437,13772,"0,66%",3,504.593,0,0.0,60,56,4,1417,"3,33%"
18-09-2024,8.328.933,49,"169.978,22",9126,10661,"0,54%",2,324.743,0,0.0,48,41,7,1535,"2,08%"
19-09-2024,8.824.540,51,"173.030,20",9683,10909,"0,53%",1,112.400,0,0.0,50,47,3,1530,"2,00%"
20-09-2024,9.636.186,50,"192.723,72",10027,13121,"0,50%",2,742.091,0,0.0,49,47,2,1788,"2,04%"
21-09-2024,10.092.283,50,"201.845,66",10947,13860,"0,46%",0,0,0,0.0,50,47,3,1831,"0,00%"
22-09-2024,7.151.944,43,"166.324,28",12565,15204,"0,34%",4,652.421,0,0.0,42,42,0,2037,"2,38%"
23-09-2024,10.320.257,60,"172.004,28",11064,13269,"0,54%",5,1.233.647,0,0.0,59,59,0,1783,"1,69%"
24-09-2024,9.204.021,51,"180.471,00",12332,14704,"0,41%",7,1.274.513,0,0.0,48,45,3,1917,"2,08%"
25-09-2024,16.413.536,95,"172.774,06",12664,16891,"0,75%",2,329.574,0,0.0,94,87,7,1919,"1,06%"
26-09-2024,11.575.184,64,"180.862,25",10848,13015,"0,59%",3,582.388,0,0.0,63,60,3,1797,"1,59%"
27-09-2024,10.834.467,62,"174.749,47",11202,19426,"0,55%",2,283.340,0,0.0,61,60,1,1827,"1,64%"
28-09-2024,9.693.061,47,"206.235,34",12259,18110,"0,38%",1,196.650,0,0.0,46,44,2,1985,"2,17%"
29-09-2024,12.294.384,70,"175.634,06",15671,17417,"0,45%",6,1.208.062,0,124.592,66,66,0,2517,"4,55%"
30-09-2024,17.479.458,96,"182.077,69",15200,16676,"0,63%",3,516.007,0,0.0,93,89,4,2213,"3,23%"
01-10-2024,15.215.265,87,"174.888,10",14746,16321,"0,59%",2,353.403,0,0.0,86,82,4,2070,"1,16%"
02-10-2024,16.480.836,92,"179.139,52",14418,17081,"0,64%",6,1.261.158,1,210.807,91,84,7,2073,"1,10%"
03-10-2024,13.853.198,77,"179.911,66",13645,15945,"0,56%",3,553.127,0,0.0,74,65,9,2237,"4,05%"
04-10-2024,14.548.338,77,"188.939,45",13638,16575,"0,56%",6,1.234.013,0,0.0,73,66,7,2409,"5,48%"
05-10-2024,14.968.135,82,"182.538,23",13895,18890,"0,59%",4,734.376,1,195.0,80,75,5,2293,"2,50%"
06-10-2024,13.440.476,73,"184.116,11",15521,18221,"0,47%",6,1.035.877,1,200.55,70,69,1,2563,"4,29%"
07-10-2024,13.999.731,80,"174.996,64",13896,17177,"0,58%",3,460.883,0,0.0,76,70,6,2317,"5,26%"
08-10-2024,12.497.688,60,"208.294,80",9557,12637,"0,63%",0,0,1,222.05,60,56,4,1527,"0,00%"
09-10-2024,13.570.454,69,"196.673,25",13280,15124,"0,52%",4,686.876,0,0.0,68,64,4,2116,"1,47%"
10-10-2024,21.903.124,127,"172.465,54",16923,22354,"0,75%",4,808.685,1,310.819,124,121,3,2771,"2,42%"
11-10-2024,11.047.842,58,"190.480,03",11059,13128,"0,52%",2,403.140,0,0.0,55,51,4,1948,"5,45%"
12-10-2024,11.857.630,64,"185.275,47",11837,12868,"0,54%",6,1.004.695,0,0.0,59,56,3,1912,"1,69%"
13-10-2024,11.311.731,54,"209.476,50",14228,15882,"0,38%",4,1.213.626,0,0.0,51,49,2,2430,"5,88%"
14-10-2024,9.564.794,54,"177.125,81",13502,15422,"0,40%",6,1.058.385,1,207.492,52,49,3,2244,"3,85%"
15-10-2024,14.334.601,72,"199.091,68",13172,15461,"0,55%",5,915.818,2,390.05,66,60,6,2082,"7,58%"
16-10-2024,10.438.814,58,"179.979,55",11023,14593,"0,53%",1,191.941,0,0.0,57,56,1,1711,"1,75%"
17-10-2024,15.500.328,85,"182.356,80",10489,15343,"0,81%",3,516.533,1,569.15,81,79,2,1859,"3,70%"
18-10-2024,10.076.243,55,"183.204,42",10499,15711,"0,52%",3,458.237,1,200.55,53,48,5,1860,"3,77%"
19-10-2024,10.054.174,54,"186.188,41",8145,11787,"0,66%",3,575.403,1,134.05,51,45,6,1377,"3,92%"
20-10-2024,9.710.399,54,"179.822,20",12433,16931,"0,43%",5,874.471,0,0.0,52,48,4,2108,"3,85%"
21-10-2024,11.154.279,58,"192.315,16",11738,17880,"0,49%",2,326.514,0,0.0,58,56,2,1883,"0,00%"
22-10-2024,9.497.736,51,"186.230,12",12615,17797,"0,40%",1,191.941,0,0.0,51,49,2,2069,"0,00%"
23-10-2024,10.082.777,51,"197.701,51",11797,14901,"0,43%",2,344.320,1,145.65,51,48,3,1854,"0,00%"
24-10-2024,8.735.661,47,"185.865,13",11431,14484,"0,41%",2,350.885,1,154.15,47,43,4,1825,"0,00%"
25-10-2024,9.812.794,58,"169.186,10",11598,18824,"0,50%",1,179.650,0,0.0,56,51,5,1903,"3,57%"
26-10-2024,10.218.200,56,"182.467,86",12123,20522,"0,46%",1,176.572,0,0.0,56,52,4,2015,"0,00%"
27-10-2024,8.781.331,48,"182.944,40",14916,17273,"0,32%",0,0,0,0.0,48,45,3,2570,"0,00%"
28-10-2024,12.019.353,67,"179.393,33",13209,15836,"0,51%",3,428.827,0,0.0,67,66,1,2029,"0,00%"
29-10-2024,12.739.523,67,"190.142,13",9798,12907,"0,68%",1,179.650,0,0.0,67,65,2,1595,"0,00%"
30-10-2024,12.686.883,64,"198.232,55",10809,14721,"0,59%",3,603.037,0,0.0,63,57,6,1621,"1,59%"
31-10-2024,13.333.526,68,"196.081,26",10490,13623,"0,65%",2,328.786,0,0.0,65,59,6,1630,"4,62%"
01-11-2024,10.655.729,55,"193.740,53",11088,13420,"0,50%",3,422.590,0,0.0,54,51,3,1834,"1,85%"
02-11-2024,12.428.004,66,"188.303,09",11591,13676,"0,57%",1,201.990,0,0.0,66,64,2,1869,"0,00%"
03-11-2024,11.298.960,59,"191.507,80",12752,14908,"0,46%",5,1.614.215,0,0.0,58,51,7,2076,"1,72%"
04-11-2024,14.827.758,77,"192.568,29",11741,13338,"0,66%",1,213.035,0,0.0,77,72,5,1868,"0,00%"
05-11-2024,12.064.097,60,"201.068,28",10861,12928,"0,55%",6,1.061.713,0,0.0,56,53,3,1685,"5,36%"
06-11-2024,12.867.576,73,"176.268,16",9252,12314,"0,79%",4,567.704,0,0.0,71,65,6,1465,"1,41%"
07-11-2024,12.506.488,62,"201.717,55",10027,11949,"0,62%",3,589.876,0,0.0,61,58,3,1519,"1,64%"
08-11-2024,11.620.214,50,"232.404,28",9730,13304,"0,51%",2,1.551.056,0,0.0,46,42,4,1773,"6,52%"
09-11-2024,5.243.781,28,"187.277,89",10208,13552,"0,27%",1,201.536,0,0.0,28,25,3,1725,"0,00%"
10-11-2024,8.550.615,47,"181.927,98",14059,16902,"0,33%",2,387.395,1,389.406,46,45,1,2412,"2,17%"
11-11-2024,26.740.355,152,"175.923,39",16305,23619,"0,93%",8,1.388.994,0,0.0,147,143,4,2740,"2,72%"
12-11-2024,10.905.168,60,"181.752,80",11341,14176,"0,53%",2,366.155,0,0.0,59,57,2,1976,"1,69%"
13-11-2024,8.618.429,47,"183.370,83",9889,13173,"0,48%",6,1.108.779,0,0.0,46,44,2,1664,"2,17%"
14-11-2024,9.051.323,42,"215.507,69",7987,11364,"0,53%",2,1.111.554,1,164.029,39,37,2,706,"5,13%"
15-11-2024,7.110.578,39,"182.322,51",7903,10288,"0,49%",2,291.196,0,0.0,37,35,2,962,"5,41%"
16-11-2024,4.897.680,28,"174.917,14",8391,11118,"0,33%",0,0,0,0.0,28,28,0,1394,"0,00%"
17-11-2024,9.163.562,50,"183.271,24",11067,15012,"0,45%",3,624.940,0,0.0,48,46,2,1879,"2,08%"
18-11-2024,7.093.197,36,"197.033,25",9346,12977,"0,39%",0,0,0,0.0,36,35,1,1572,"0,00%"
19-11-2024,8.419.388,47,"179.135,91",8790,11654,"0,53%",2,327.430,0,0.0,46,45,1,1366,"2,17%"
20-11-2024,9.403.607,49,"191.910,35",9230,10884,"0,53%",3,655.006,0,0.0,47,44,3,1421,"2,13%"
21-11-2024,9.110.674,46,"198.058,13",9504,11369,"0,48%",5,912.818,1,220.55,44,38,6,1518,"4,55%"
22-11-2024,5.998.455,36,"166.623,75",10584,11734,"0,34%",1,134.050,0,0.0,36,31,5,1818,"0,00%"
23-11-2024,7.132.618,40,"178.315,45",12045,13014,"0,33%",3,537.257,0,0.0,39,38,1,2073,"2,56%"
24-11-2024,9.321.671,51,"182.777,86",13745,15814,"0,37%",4,731.839,0,0.0,51,51,0,2590,"0,00%"
25-11-2024,11.844.607,69,"171.660,97",11568,14532,"0,60%",2,351.577,0,0.0,68,61,7,1979,"1,47%"
26-11-2024,9.703.624,54,"179.696,74",10900,12505,"0,50%",0,0,0,0.0,54,53,1,1832,"0,00%"
27-11-2024,8.226.226,47,"175.026,09",10801,11869,"0,44%",1,19.000,0,0.0,47,44,3,1839,"0,00%"
28-11-2024,9.360.188,50,"187.203,76",11538,11930,"0,43%",1,201.536,0,0.0,50,48,2,1888,"0,00%"
29-11-2024,10.022.340,54,"185.598,89",10744,12029,"0,50%",6,1.078.011,0,0.0,51,50,1,1863,"5,88%"
30-11-2024,12.783.188,54,"236.725,70",12131,13016,"0,45%",3,1.542.857,0,0.0,53,49,4,2044,"1,89%"
01-12-2024,9.880.818,53,"186.430,53",14394,14559,"0,37%",1,195.280,0,0.0,53,51,2,2477,"0,00%"
02-12-2024,9.013.888,52,"173.344,00",12498,14254,"0,42%",3,621.339,0,0.0,51,47,4,2055,"1,96%"
03-12-2024,11.669.646,64,"182.338,22",11786,13216,"0,54%",2,382.405,0,0.0,63,56,7,2145,"1,59%"
04-12-2024,11.683.037,64,"182.547,45",10389,11135,"0,62%",3,998.981,0,0.0,62,53,9,1907,"3,23%"
05-12-2024,11.000.137,64,"171.877,14",10862,11147,"0,59%",3,546.904,1,145.65,63,62,1,1995,"1,59%"
06-12-2024,10.893.696,60,"181.561,60",9619,10489,"0,62%",2,361.595,0,0.0,59,56,3,1677,"1,69%"
07-12-2024,7.941.370,45,"176.474,89",10869,11374,"0,41%",1,128.443,1,171.69,45,44,1,2005,"0,00%"
08-12-2024,10.363.138,58,"178.674,79",13113,13527,"0,44%",2,389.858,0,0.0,55,51,4,2485,"5,45%"
09-12-2024,9.881.097,52,"190.021,10",12557,13808,"0,41%",2,267.162,0,0.0,51,49,2,2369,"1,96%"
10-12-2024,8.330.614,47,"177.247,11",11397,12535,"0,41%",3,428.765,0,0.0,46,46,0,2136,"2,17%"
11-12-2024,9.956.888,58,"171.670,48",12077,13406,"0,48%",2,369.096,2,350.555,58,56,2,2316,"0,00%"
12-12-2024,24.180.107,143,"169.091,66",16311,18773,"0,88%",3,505.641,0,0.0,140,131,9,2919,"2,14%"
13-12-2024,8.928.490,44,"202.920,23",10722,11736,"0,41%",0,0,0,0.0,44,43,1,1932,"0,00%"
14-12-2024,7.466.288,40,"186.657,20",9507,10094,"0,42%",1,128.880,1,139.045,40,37,3,1759,"0,00%"
15-12-2024,9.174.238,52,"176.427,65",12441,12462,"0,42%",2,393.880,0,0.0,50,48,2,2353,"2,00%"
16-12-2024,10.681.002,60,"178.016,70",10860,11302,"0,55%",2,305.876,0,0.0,58,57,1,2089,"3,45%"
17-12-2024,10.193.031,56,"182.018,41",8939,9239,"0,63%",3,542.534,0,0.0,55,53,2,1702,"1,82%"
18-12-2024,8.082.446,44,"183.691,95",8297,8999,"0,53%",1,138.220,0,0.0,44,42,2,1574,"0,00%"
19-12-2024,9.445.982,44,"214.681,41",7744,8471,"0,57%",1,648.100,0,0.0,43,42,1,1457,"2,33%"
20-12-2024,7.723.838,38,"203.258,89",8220,9117,"0,46%",3,513.156,1,158.035,37,32,5,1599,"2,70%"
21-12-2024,7.517.647,38,"197.832,82",9635,10350,"0,39%",1,141.390,1,162.55,38,35,3,1863,"0,00%"
22-12-2024,7.877.506,42,"187.559,67",13191,13391,"0,32%",2,362.130,0,0.0,40,38,2,2468,"2,50%"
23-12-2024,7.591.186,42,"180.742,52",13036,13953,"0,32%",0,0,0,0.0,42,41,1,2467,"0,00%"
24-12-2024,12.260.372,67,"182.990,63",12324,13014,"0,54%",4,652.077,0,0.0,66,65,1,2113,"1,52%"
25-12-2024,10.699.273,52,"205.755,25",12337,14767,"0,42%",6,1.095.416,0,0.0,50,47,3,2066,"4,00%"
26-12-2024,8.116.325,46,"176.441,85",11081,15024,"0,42%",5,940.979,0,0.0,46,43,3,1880,"0,00%"
27-12-2024,9.449.200,42,"224.980,95",10143,12684,"0,41%",0,0,0,0.0,42,41,1,1795,"0,00%"
28-12-2024,5.406.916,29,"186.445,38",9490,12047,"0,31%",3,532.250,0,0.0,28,26,2,1664,"3,57%"
29-12-2024,5.088.942,29,"175.480,76",10701,13322,"0,27%",1,191.941,1,205.9,29,28,1,1948,"0,00%"
30-12-2024,5.475.514,31,"176.629,48",8886,11375,"0,35%",1,225.372,0,0.0,31,29,2,1548,"0,00%"
31-12-2024,5.731.214,33,"173.673,15",7200,10800,"0,46%",1,220.238,0,0.0,33,30,3,1252,"0,00%"
